NAME,NSECode,Industry
SANSERA ENGINEERING LIMITED,SANSERA,AUTO ANCILLARIES
CARBORUNDUM UNIVERSAL LTD.,CARBORUNIV,Abrasives And Grinding Wheels
WENDT (INDIA) LTD.,WENDT,Abrasives And Grinding Wheels
GRINDWELL NORTON LTD.,GRINDWELL,Abrasives And Grinding Wheels
Ideaforge Technology Ltd,IDEAFORGE,Aerospace & Defense
DCX SYSTEMS LIMITED,DCXINDIA,Aerospace & Defense
BLUE STAR LTD.,BLUESTARCO,Air-conditioners
JOHNSON CONTROLS-HITACHI AIR CONDITIONING INDIA LTD,JCHAC,Air-conditioners
VOLTAS LTD.,VOLTAS,Air-conditioners
MAAN ALUMINIUM LTD.,MAANALU,Aluminium and Aluminium Products
NATIONAL ALUMINIUM CO.LTD.,NATIONALUM,Aluminium and Aluminium Products
MMP INDUSTRIES,MMP,Aluminium and Aluminium Products
APEX FROZEN FOODS LTD,APEX,Aquaculture
Landmark Cars Ltd,LANDMARK,Auto -Dealer
SUPRAJIT ENGINEERING LTD.,SUPRAJIT,Auto Ancillaries
PRECISION CAMSHAFTS LTD,PRECAM,Auto Ancillaries
BANCO PRODUCTS (INDIA) LTD.,BANCOINDIA,Auto Ancillaries
JAMNA AUTO INDUSTRIES LTD.,JAMNAAUTO,Auto Ancillaries
TALBROS AUTOMOTIVE COMPONENTS LTD.,TALBROAUTO,Auto Ancillaries
CRAFTSMAN AUTOMATION LTD,CRAFTSMAN,Auto Ancillaries
ENDURANCE TECHNOLOGIES LTD,ENDURANCE,Auto Ancillaries
GABRIEL INDIA LTD.,GABRIEL,Auto Ancillaries
JTEKT INDIA LTD,JTEKTINDIA,Auto Ancillaries
ALICON CASTALLOY LIMITED,ALICON,Auto Ancillaries
SUNDARAM BRAKE LININGS LTD.,SUNDRMBRAK,Auto Ancillaries
SINTERCOM INDIA,SINTERCOM,Auto Ancillaries
SUBROS LTD.,SUBROS,Auto Ancillaries
ROLEX RINGS LTD,ROLEXRINGS,Auto Ancillaries
INDIA MOTOR PARTS & ACCESSORIES LTD.,IMPAL,Auto Ancillaries
INDIA NIPPON ELECTRICALS LTD.,INDNIPPON,Auto Ancillaries
IGARASHI MOTORS INDIA LTD.,IGARASHI,Auto Ancillaries
RANE BRAKE LINING LTD.,RBL,Auto Ancillaries
AUTOMOTIVE AXLES LTD.,AUTOAXLES,Auto Ancillaries
AUTOMOTIVE STAMPINGS & ASSEMBLIES LTD.,ASAL,Auto Ancillaries
SHANTHI GEARS LTD.,SHANTIGEAR,Auto Ancillaries
SHARDA MOTOR INDUSTRIES LTD,SHARDAMOTR,Auto Ancillaries
SHRIRAM PISTONS,SHRIPISTON,Auto Ancillaries
G N A AXLES LTD,GNA,Auto Ancillaries
PRICOL LTD,PRICOLLTD,Auto Ancillaries
AMARA RAJA ENERGY & MOBILITY LIMITED,ARE&M,Auto Ancillaries
ATAM VALVES LTD,ATAM,Auto Ancillaries
MUNJAL SHOWA LTD.,MUNJALSHOW,Auto Ancillaries
L.G.BALAKRISHNAN & BROS.LTD.,LGBBROSLTD,Auto Ancillaries
URAVI T AND WEDGE LAMPS LIMITED,URAVI,Auto Ancillaries
FIEM INDUSTRIES LTD.,FIEMIND,Auto Ancillaries
VARROC ENGINEERING LTD,VARROC,Auto Ancillaries
EXIDE INDUSTRIES LTD.,EXIDEIND,Auto Ancillaries
FEDERAL-MOGUL GOETZE (INDIA) LTD.,FMGOETZE,Auto Ancillaries
BOSCH LTD.,BOSCHLTD,Auto Ancillaries
LUMAX INDUSTRIES LTD.,LUMAXIND,Auto Ancillaries
NDR AUTO COMPONENTS LTD,NDRAUTO,Auto Ancillaries
MINDA CORPORATION LTD,MINDACORP,Auto Ancillaries
Motherson Sumi Wiring India Ltd,MSUMI,Auto Components & Equipments
UNO Minda Limited,UNOMINDA,Auto Components & Equipments
ASK Automotive Ltd,ASKAUTOLTD,Auto Components & Equipments
Divgi Torqtransfer Systems Ltd,DIVGIITTS,Auto Components & Equipments
S.J.S. Enterprises Ltd,SJS,Auto Parts & Equipment - Sticker
SML ISUZU LIMITED,SMLISUZU,Automobiles - LCVs / HCVs
EICHER MOTORS LTD.,EICHERMOT,Automobiles - Motorcycles / Mopeds
HERO MOTOCORP LTD.,HEROMOTOCO,Automobiles - Motorcycles / Mopeds
MARUTI SUZUKI INDIA LTD.,MARUTI,Automobiles - Passenger Cars
HINDUSTAN MOTORS LTD.,HINDMOTORS,Automobiles - Passenger Cars
BAJAJ AUTO LTD.,BAJAJ-AUTO,Automobiles - Scooters And 3 - Wheelers
V.S.T.TILLERS TRACTORS LTD.,VSTTILLERS,Automobiles - Tractors
ESCORTS LTD.,ESCORTS,Automobiles - Tractors
Equippp Social Impact Technologies Limited,EQUIPPP,Base Material
ABM International Limited,ABMINTLLTD,Base Material
Somi Conveyor Beltings Limited,SOMICONVEY,Basic Materials
Antarctica Limited,ANTGRAPHIC,Basic Materials
Aether Industries Limited,AETHER,Basic Materials
Supreme Petrochem Limited,SPLPETRO,Basic Materials
NRB BEARINGS LTD.,NRBBEARING,Bearings
SCHAEFFLER INDIA LTD,SCHAEFFLER,Bearings
SKF INDIA LTD,SKFINDIA,Bearings
TIMKEN INDIA LTD.,TIMKEN,Bearings
MENON BEARINGS LTD.,MENONBE,Bearings
SHANTI OVERSEAS (INDIA) LIMITED,SHANTI,CONSUMER FOOD
DYNAMIC CABLES LTD,DYCL,Cables - Power
FINOLEX CABLES LTD.,FINCABLES,Cables - Power
POLYCAB INDIA LTD,POLYCAB,Cables - Power
PARAMOUNT COMMUNICATIONS LTD.,PARACABLES,Cables - Power
KEI INDUSTRIES LTD.,KEI,Cables - Power
Plaza Wires Ltd,PLAZACABLE,Cables-Electricals
Debock Industries Limited,DIL,Capital Goods
DCM LTD.,DCM,Castings & Forgings
M.M.FORGINGS LTD.,MMFL,Castings & Forgings
TIRUPATI FORGE,TIRUPATIFL,Castings & Forgings
BHARAT FORGE LTD.,BHARATFORG,Castings & Forgings
CREATIVE CASTINGS LTD,CREATIVE,Castings & Forgings
GANGA FORGING,GANGAFORGE,Castings & Forgings
LGB FORGE LTD.,LGBFORGE,Castings & Forgings
PTC INDUSTRIES LTD,PTCIL,Castings & Forgings
SONA BLW PRECISION FORGINGS LTD,SONACOMS,Castings & Forgings
AIA ENGINEERING LTD.,AIAENG,Castings & Forgings
STEELCAST LTD.,STEELCAS,Castings & Forgings
J.K.CEMENT LTD.,JKCEMENT,Cement - North India
SHREE DIGVIJAY CEMENT CO.LTD.,SHREDIGCEM,Cement - North India
HEIDELBERGCEMENT INDIA LTD.,HEIDELBERG,Cement - North India
AMBUJA CEMENTS LTD.,AMBUJACEM,Cement - North India
STAR CEMENT LTD,STARCEMENT,Cement - North India
SHREE CEMENT LTD.,SHREECEM,Cement - North India
ACC LTD.,ACC,Cement - North India
ULTRATECH CEMENT LTD.,ULTRACEMCO,Cement - North India
JK LAKSHMI CEMENT LTD.,JKLAKSHMI,Cement - North India
NCL INDUSTRIES LTD.,NCLIND,Cement - South India
THE RAMCO CEMENTS LIMITED,RAMCOCEM,Cement - South India
DALMIA BHARAT LTD,DALBHARAT,Cement - South India
DECCAN CEMENTS LTD.,DECCANCE,Cement - South India
KAKATIYA CEMENT SUGAR & INDUSTRIES LTD.,KAKATCEM,Cement - South India
BIGBLOC CONSTRUCTION LTD,BIGBLOC,Cement Products
SAHYADRI INDUSTRIES LTD.,SAHYADRI,Cement Products
EVEREST INDUSTRIES LTD.,EVERESTIND,Cement Products
VISAKA INDUSTRIES LTD.,VISAKAIND,Cement Products
RAMCO INDUSTRIES LTD.,RAMCOIND,Cement Products
HIL LTD.,HIL,Cement Products
KAJARIA CERAMICS LTD.,KAJARIACER,Ceramics - Tiles / Sanitaryware
ORIENT BELL LIMITED,ORIENTBELL,Ceramics - Tiles / Sanitaryware
CERA SANITARYWARE LTD.,CERA,Ceramics - Tiles / Sanitaryware
SOMANY CERAMICS LTD.,SOMANYCERA,Ceramics - Tiles / Sanitaryware
EXXARO TILES LTD,EXXARO,Ceramics - Tiles / Sanitaryware
NAVIN FLUORINE INTERNATIONAL LIMITED,NAVINFLUOR,Chemicals
FOSECO INDIA LTD.,FOSECOIND,Chemicals
NEOGEN CHEMICALS LTD,NEOGEN,Chemicals
ADVANCED ENZYME TECHNOLOGIES LTD,ADVENZYMES,Chemicals
JUBILANT INDUSTRIES LTD.,JUBLINDS,Chemicals
TIDE WATER OIL (INDIA) LTD.,TIDEWATER,Chemicals
TATVA CHINTAN PHARMA CHEM LTD,TATVA,Chemicals
GANESH BENZOPLAST LTD.,GANESHBE,Chemicals
JOCIL,JOCIL,Chemicals
GHCL LTD.,GHCL,Chemicals
TATA CHEMICALS LTD.,TATACHEM,Chemicals
CLEAN SCIENCE AND TECHNOLOGY LTD,CLEAN,Chemicals
LINDE INDIA LIMITED,LINDEINDIA,Chemicals
EXCEL INDUSTRIES LTD.,EXCELINDUS,Chemicals
CASTROL INDIA LTD.,CASTROLIND,Chemicals
LAXMI ORGANIC INDUSTRIES LTD,LXCHEM,Chemicals
CHEMBOND CHEMICALS LTD.,CHEMBOND,Chemicals
FAIRCHEM ORGANICS LTD,FAIRCHEMOR,Chemicals
CHEMCON SPECIALITY CHEMICALS LTD,CHEMCON,Chemicals
GOA CARBON LTD.,GOACARBON,Chemicals
VISHNU CHEMICALS LTD.,VISHNU,Chemicals
AARTI INDUSTRIES LTD.,AARTIIND,Chemicals
AARTI SURFACTANTS LTD,AARTISURF,Chemicals
CHEMPLAST SANMAR LTD,CHEMPLASTS,Chemicals
VINATI ORGANICS LTD.,VINATIORGA,Chemicals
FINE ORGANIC INDUSTRIES LTD,FINEORG,Chemicals
FINEOTEX CHEMICAL LTD.,FCL,Chemicals
VALIANT ORGANICS LTD,VALIANTORG,Chemicals
CHEMFAB ALKALIS LTD,CHEMFAB,Chemicals
JAYANT AGRO-ORGANICS LTD.,JAYAGROGN,Chemicals
NOCIL LTD.,NOCIL,Chemicals
PREMIER EXPLOSIVES LTD.,PREMEXPLN,Chemicals
GULSHAN POLYOLS LTD.,GULPOLY,Chemicals
BALAJI AMINES LTD.,BALAMINES,Chemicals
GP PETROLEUMS LIMITED,GULFPETRO,Chemicals
SREE RAYALASEEMA HI-STRENGTH HYPO LTD.,SRHHYPOLTD,Chemicals
AMINES & PLASTICIZERS LTD.,AMNPLST,Chemicals
DIC INDIA LTD.,DICIND,Chemicals
PUNJAB CHEMICALS AND CROP PROTECTION LTD.,PUNJABCHEM,Chemicals
SOLAR INDUSTRIES INDIA LTD.,SOLARINDS,Chemicals
DIAMINES & CHEMICALS LTD.,DIAMINESQ,Chemicals
HIMADRI SPECIALITY CHEMICAL LTD,HSCL,Chemicals
HINDCON CHEMICAL,HINDCON,Chemicals
DEEPAK NITRITE LTD.,DEEPAKNTR,Chemicals
INDO BORAX & CHEMICALS LTD.,INDOBORAX,Chemicals
I G PETROCHEMICALS LTD.,IGPL,Chemicals
ROSSARI BIOTECH LTD,ROSSARI,Chemicals
PRIVI SPECIALITY CHEMICALS LTD,PRIVISCL,Chemicals
SANGINITA CHEMI.,SANGINITA,Chemicals
ALKALI METALS LTD.,ALKALI,Chemicals
ALKYL AMINES CHEMICALS LTD.,ALKYLAMINE,Chemicals
PIDILITE INDUSTRIES LTD.,PIDILITIND,Chemicals
PHILLIPS CARBON BLACK LTD.,PCBL,Chemicals
PODDAR PIGMENTS LTD.,PODDARMENT,Chemicals
PLASTIBLENDS INDIA LTD.,PLASTIBLEN,Chemicals
GUJARAT FLUOROCHEMICALS LTD,FLUOROCHEM,Chemicals
ORIENTAL AROMATICS LTD,OAL,Chemicals
TAMILNADU PETROPRODUCTS LTD.,TNPETRO,Chemicals
GULF OIL LUBRICANTS INDIA LTD,GULFOILLUB,Chemicals
ORIENTAL CARBON & CHEMICALS LTD.,OCCL,Chemicals
BASF INDIA LTD.,BASF,Chemicals
LORDS CHLORO ALKALI LTD.,LORDSCHLO,Chlor Alkali / Soda Ash
GUJARAT ALKALIES & CHEMICALS LTD.,GUJALKALI,Chlor Alkali / Soda Ash
Vishnu Prakash R Punglia Ltd,VPRPL,Civil Construction
Udayshivakumar Infra Ltd,USK,Civil Construction
Jupiter Wagons Limited,JWL,Commercial Vehicles
Valiant Laboratories Ltd,VALIANTLAB,Commodity Chemicals
ELGI EQUIPMENTS LTD.,ELGIEQUIP,Compressors / Drilling Equipment
KIRLOSKAR PNEUMATIC CO.LTD.,KIRLPNU,Compressors / Drilling Equipment
INGERSOLL-RAND (INDIA) LTD.,INGERRAND,Compressors / Drilling Equipment
COMPUCOM SOFTWARE LTD.,COMPUSOFT,Computers - Education
NIIT LTD.,NIITLTD,Computers - Education
APTECH LTD.,APTECHT,Computers - Education
CEREBRA INTEGRATED TECHNOLOGIES LTD.,CEREBRAINT,Computers - Hardware
D-LINK (INDIA) LTD,DLINKINDIA,Computers - Hardware
TVS ELECTRONICS LTD.,TVSELECT,Computers - Hardware
GVP INFOTECH LIMITED,GVPTECH,Computers - Software & Consulting
LCC INFOTECH LTD.,LCCINFOTEC,Computers - Software - Converts
INFOSYS LTD.,INFY,Computers - Software - Large
TECH MAHINDRA LTD.,TECHM,Computers - Software - Large
HCL TECHNOLOGIES LTD.,HCLTECH,Computers - Software - Large
TATA CONSULTANCY SERVICES LTD.,TCS,Computers - Software - Large
LTIMindtree Ltd,LTIM,Computers - Software - Large
DEV INFORMATION,DEVIT,Computers - Software - Medium / Small
SECMARK CONSULTANCY LTD,SECMARK,Computers - Software - Medium / Small
SILVER TOUCH,SILVERTUC,Computers - Software - Medium / Small
SASKEN TECHNOLOGIES LTD,SASKEN,Computers - Software - Medium / Small
SIGMA SOLVE,SIGMA,Computers - Software - Medium / Small
HINDUJA GLOBAL SOLUTIONS LTD.,HGS,Computers - Software - Medium / Small
SAKSOFT LTD.,SAKSOFT,Computers - Software - Medium / Small
SOFTTECH ENGINEE,SOFTTECH,Computers - Software - Medium / Small
RS SOFTWARE INDIA LTD.,RSSOFTWARE,Computers - Software - Medium / Small
ROUTE MOBILE LTD,ROUTE,Computers - Software - Medium / Small
AURIONPRO SOLUTIONS LTD.,AURIONPRO,Computers - Software - Medium / Small
INFIBEAM AVENUES LTD,INFIBEAM,Computers - Software - Medium / Small
RAMCO SYSTEMS LTD.,RAMCOSYS,Computers - Software - Medium / Small
DATAMATICS GLOBAL SERVICES LTD.,DATAMATICS,Computers - Software - Medium / Small
INFOBEANS TECH.,INFOBEAN,Computers - Software - Medium / Small
HOV SERVICES LTD.,HOVS,Computers - Software - Medium / Small
SONATA SOFTWARE LTD.,SONATSOFTW,Computers - Software - Medium / Small
ALLSEC TECHNOLOGIES LTD.,ALLSEC,Computers - Software - Medium / Small
APOLLO MICRO SYSTEMS LTD,APOLLO,Computers - Software - Medium / Small
ZENSAR TECHNOLOGIES LTD.,ZENSARTECH,Computers - Software - Medium / Small
ZEN TECHNOLOGIES LTD.,ZENTEC,Computers - Software - Medium / Small
3I INFOTECH LTD.,3IINFOLTD,Computers - Software - Medium / Small
EXPLEO SOLUTIONS LTD,EXPLEOSOL,Computers - Software - Medium / Small
63 MOONS TECHNOLOGIES LTD,63MOONS,Computers - Software - Medium / Small
AAA TECHNOLOGIES,AAATECH,Computers - Software - Medium / Small
VISESH INFOTECNICS LTD.,VISESHINFO,Computers - Software - Medium / Small
ACCELYA SOLUTIONS INDIA LTD,ACCELYA,Computers - Software - Medium / Small
FIRSTSOURCE SOLUTIONS LTD.,FSL,Computers - Software - Medium / Small
ECLERX SERVICES LTD.,ECLERX,Computers - Software - Medium / Small
E2E NETWORKS,E2E,Computers - Software - Medium / Small
TRIGYN TECHNOLOGIES LTD.,TRIGYN,Computers - Software - Medium / Small
TREJHARA SOLUTIONS LTD,TREJHARA,Computers - Software - Medium / Small
ADROIT INFOTECH LTD,ADROITINFO,Computers - Software - Medium / Small
DYNACONS SYSTEMS & SOLUTIONS LTD.,DSSL,Computers - Software - Medium / Small
AIRAN,AIRAN,Computers - Software - Medium / Small
TATA ELXSI LTD.,TATAELXSI,Computers - Software - Medium / Small
GENESYS INTERNATIONAL CORPORATION LTD.,GENESYS,Computers - Software - Medium / Small
GOLDSTONE TECHNOLOGIES LTD.,GOLDTECH,Computers - Software - Medium / Small
TANLA PLATFORMS LTD,TANLA,Computers - Software - Medium / Small
TAKE SOLUTIONS LTD.,TAKE,Computers - Software - Medium / Small
GSS INFOTECH LTD.,GSS,Computers - Software - Medium / Small
ALLIED DIGITAL SERVICES LTD.,ADSL,Computers - Software - Medium / Small
SUBEX LTD.,SUBEXLTD,Computers - Software - Medium / Small
HAPPIEST MINDS TECHNOLOGIES LTD,HAPPSTMNDS,Computers - Software - Medium / Small
NUCLEUS SOFTWARE EXPORTS LTD.,NUCLEUS,Computers - Software - Medium / Small
R SYSTEMS INTERNATIONAL LIMITED,RSYSTEMS,Computers - Software - Medium / Small
NINTEC SYSTEMS LTD,NINSYS,Computers - Software - Medium / Small
NEWGEN SOFTWARE TECHNOLOGIES LTD,NEWGEN,Computers - Software - Medium / Small
BIRLASOFT LTD,BSOFT,Computers - Software - Medium / Small
COFORGE LTD,COFORGE,Computers - Software - Medium / Small
KELLTON TECH SOLUTIONS LTD.,KELLTONTEC,Computers - Software - Medium / Small
MPHASIS LTD.,MPHASIS,Computers - Software - Medium / Small
CIGNITI TECHNOLOGIES LTD.,CIGNITITEC,Computers - Software - Medium / Small
KPIT TECHNOLOGIES LTD,KPITTECH,Computers - Software - Medium / Small
BRIGHTCOM GROUP LTD,BCG,Computers - Software - Medium / Small
KSOLVES INDIA,KSOLVES,Computers - Software - Medium / Small
L&T TECHNOLOGY SERVICES LTD,LTTS,Computers - Software - Medium / Small
MINDTECK (INDIA) LTD.,MINDTECK,Computers - Software - Medium / Small
CALIFORNIA SOFTWARE CO.LTD.,CALSOFT,Computers - Software - Medium / Small
MASTEK LTD.,MASTEK,Computers - Software - Medium / Small
BLS INTERNATIONAL SERVICES LTD,BLS,Computers - Software - Medium / Small
IZMO LIMITED,IZMO,Computers - Software - Medium / Small
PERSISTENT SYSTEMS LTD.,PERSISTENT,Computers - Software - Medium / Small
INTENSE TECHNOLOGIES LTD.,INTENTECH,Computers - Software - Medium / Small
CYIENT LIMITED,CYIENT,Computers - Software - Medium / Small
IRIS BUSINESS SERVICES LTD,IRIS,Computers - Software - Medium / Small
ONWARD TECHNOLOGIES LTD.,ONWARDTEC,Computers - Software - Medium / Small
INTELLECT DESIGN ARENA LTD,INTELLECT,Computers - Software - Medium / Small
QUICK HEAL TECHNOLOGIES LTD,QUICKHEAL,Computers - Software - Medium / Small
ORACLE FINANCIAL SERVICES SOFTWARE LTD.,OFSS,Computers - Software - Medium / Small
Netweb Technologies India Ltd,NETWEB,Computers Hardware & Equipments
KNR CONSTRUCTIONS LTD.,KNRCON,Construction
PSP PROJECTS LTD,PSPPROJECT,Construction
INDIABULLS REAL ESTATE LTD.,IBREALEST,Construction
IRCON INTERNATIONAL LTD,IRCON,Construction
THE PHOENIX MILLS LTD,PHOENIXLTD,Construction
MAN INFRACONSTRUCTION LTD.,MANINFRA,Construction
MAHINDRA LIFESPACE DEVELOPERS LTD.,MAHLIFE,Construction
MACROTECH DEVELOPERS LTD,LODHA,Construction
GANESH HOUSING CORPORATION LTD.,GANESHHOUC,Construction
HEMISPHERE PROPERTIES INDIA LTD,HEMIPROP,Construction
OBEROI REALTY LTD.,OBEROIRLTY,Construction
NIRAJ CEMENT STRUCTURALS LTD.,NIRAJ,Construction
SUNTECK REALTY LTD.,SUNTECK,Construction
NCC LIMITED,NCC,Construction
NBCC (INDIA) LTD,NBCC,Construction
TARMAT LTD,TARMAT,Construction
RUDRABHISH. ENT.,REPL,Construction
SURATWWALA BUSINESS GROUP LTD,SBGLP,Construction
LIKHITHA INFRASTRUCTURE LTD,LIKHITHA,Construction
COUNTRY CONDO'S LTD.,COUNCODOS,Construction
ART NIRMAN LTD,ARTNIRMAN,Construction
ELDECO HOUSING & INDUSTRIES LTD.,ELDEHSG,Construction
ATAL REALTECH,ATALREAL,Construction
ARVIND SMARTSPACES LTD,ARVSMART,Construction
ASHIANA HOUSING LTD.,ASHIANA,Construction
DLF LTD.,DLF,Construction
ANANT RAJ LIMITED,ANANTRAJ,Construction
AMJ LAND HOLDINGS LTD,AMJLAND,Construction
CAPACITE INFRAPROJECTS LTD,CAPACITE,Construction
AHLUWALIA CONTRACTS (INDIA) LTD.,AHLUCONT,Construction
PDS Limited,PDSL,Consumer / Cyclical
Jullundur Motor Agency (Delhi) Limited,JMA,Consumer / Cyclical
ZF Commercial Vehicle Control Systems India Limited,ZFCVINDIA,Consumer / Cyclical
Kothari Sugars And Chemicals Limited,KOTARISUG,Consumer / Non-Cyclical
Digjam Limited,DIGJAMLMTD,Consumer Cyclical
IKIO Lighting Ltd,IKIO,Consumer Electronics
Raj Oil Mills Limited,ROML,Consumer/Non-Cyclical
TCI EXPRESS LTD,TCIEXP,Couriers
BLUE DART EXPRESS LTD.,BLUEDART,Couriers
TUBE INVESTMENTS OF INDIA LTD,TIINDIA,Cycles And Accessories
Paras Defence and Space Technologies Limited,PARAS,DEFENCE
CREATIVE NEWTECH LIMITED,CREATIVE,DIVERSIFIED RETAIL
Tracxn Technologies Ltd,TRACXN,Data Processing Services
Data Patterns (India) Ltd,DATAPATTNS,Defence
KFin Technologies Ltd,KFINTECH,"Depositories, Clearing Houses and Other Intermediaries"
GALAXY SURFACTANTS LTD,GALAXYSURF,Detergents / Intermediates
VAIBHAV GLOBAL LTD,VAIBHAVGBL,Diamond Cutting / Jewellery
RADHIKA JEWELTECH LTD,RADHIKAJWE,Diamond Cutting / Jewellery
KANANI INDUSTRIES LTD.,KANANIIND,Diamond Cutting / Jewellery
THANGAMAYIL JEWELLERY LTD,THANGAMAYL,Diamond Cutting / Jewellery
TITAN COMPANY LIMITED,TITAN,Diamond Cutting / Jewellery
RAJESH EXPORTS LTD.,RAJESHEXPO,Diamond Cutting / Jewellery
QUESS CORP LTD,QUESS,Diversified - Large
BALMER LAWRIE & CO.LTD.,BALMLAWRIE,Diversified - Large
ANDHRA SUGARS LTD.,ANDHRSUGAR,Diversified - Medium / Small
DCM SHRIRAM LIMITED,DCMSHRIRAM,Diversified - Mega
Updater Services Ltd,UDS,Diversified Commercial Services
Radiant Cash Management Services Ltd,RADIANTCMS,Diversified Commercial Services
SYMPHONY LIMITED,SYMPHONY,Domestic Appliances
WHIRLPOOL OF INDIA LTD.,WHIRLPOOL,Domestic Appliances
STOVE KRAFT LTD,STOVEKRAFT,Domestic Appliances
ORIENT ELECTRIC LTD,ORIENTELEC,Domestic Appliances
BUTTERFLY GANDHIMATHI APPLIANCES LTD,BUTTERFLY,Domestic Appliances
TTK PRESTIGE LTD.,TTKPRESTIG,Domestic Appliances
BAJAJ ELECTRICALS LTD.,BAJAJELEC,Domestic Appliances
IFB INDUSTRIES LTD.,IFBIND,Domestic Appliances
EVEREADY INDUSTRIES INDIA LTD.,EVEREADY,Dry Cells
HBL POWER SYSTEMS LTD.,HBLPOWER,Dry Cells
SUDARSHAN CHEMICAL INDUSTRIES LTD.,SUDARSCHEM,Dyes And Pigments
Heubach Colorants India Ltd,HEUBACHIND,Dyes And Pigments
BHAGERIA INDUSTRIES LTD,BHAGERIA,Dyes And Pigments
SADHANA NITROCHEM LTD.,SADHNANIQ,Dyes And Pigments
DYNEMIC PRODUCTS LTD.,DYNPRO,Dyes And Pigments
ATUL LTD.,ATUL,Dyes And Pigments
HINDPRAKASH INDU,HPIL,Dyes And Pigments
KIRI INDUSTRIES LTD.,KIRIINDUS,Dyes And Pigments
SHREE PUSHKAR CHEMICALS & FERTILISERS LTD,SHREEPUSHK,Dyes And Pigments
AKSHARCHEM (INDIA) LTD.,AKSHARCHEM,Dyes And Pigments
VIDHI SPECIALTY FOOD INGREDIENTS LTD,VIDHIING,Dyes And Pigments
Veranda Learning Solutions Ltd,VERANDA,E-Learning
M K PROTEINS LIMITED,MKPL,Edible Oil
Patanjali Foods Ltd,PATANJALI,Edible Oil
Adani Wilmar Ltd,AWL,Edible Oils
NIIT Learning Systems Ltd,NIITMTS,Education
MARINE ELECTRIC.,MARINE,Electric Equipment
SCHNEIDER ELECTRIC INFRASTRUCTURE LTD.,SCHNEIDER,Electric Equipment
VOLTAMP TRANSFORMERS LTD.,VOLTAMP,Electric Equipment
T D POWER SYSTEMS LTD.,TDPOWERSYS,Electric Equipment
FOCUS LIGHTING,FOCUS,Electric Equipment
BHARAT BIJLEE LTD.,BBL,Electric Equipment
ABB INDIA LIMITED,ABB,Electric Equipment
ABB POWER PRODUCTS AND SYSTEMS INDIA LTD,POWERINDIA,Electric Equipment
CROMPTON GREAVES CONSUMER ELECTRICALS LTD,CROMPTON,Electric Equipment
GE T&D INDIA LTD,GET&D,Electric Equipment
MODISON LTD.,MODISONLTD,Electric Equipment
SERVOTECH POWER,SERVOTECH,Electric Equipment
HONDA INDIA POWER PRODUCTS LTD,HONDAPOWER,Electric Equipment
APAR INDUSTRIES LTD.,APARINDS,Electric Equipment
SIEMENS LTD.,SIEMENS,Electric Equipment
INDO TECH TRANSFORMERS LTD.,INDOTECH,Electric Equipment
V-GUARD INDUSTRIES LTD.,VGUARD,Electric Equipment
CG POWER AND INDUSTRIAL SOLUTIONS LTD,CGPOWER,Electric Equipment
SUZLON ENERGY LTD.,SUZLON,Electric Equipment
VETO SWITCHGEARS AND CABLES LTD,VETO,Electric Equipment
AARTECH SOLONICS LTD,AARTECH,Electric Equipment
SURANA SOLAR LIMITED,SURANASOL,Electric Equipment
HAVELLS INDIA LTD.,HAVELLS,Electric Equipment
TRIVENI TURBINE LTD.,TRITURBINE,Electric Equipment
HEG LTD.,HEG,Electrodes - Graphites
GRAPHITE INDIA LTD.,GRAPHITE,Electrodes - Graphites
ADOR WELDING LTD.,ADORWELD,Electrodes - Welding Equipment
ESAB INDIA LTD.,ESABINDIA,Electrodes - Welding Equipment
Samvardhana Motherson International Limited,MOTHERSON,Electronic
HONEYWELL AUTOMATION INDIA LTD.,HONAUT,Electronics - Components
BHARAT ELECTRONICS LTD.,BEL,Electronics - Components
PG ELECTROPLAST LTD.,PGEL,Electronics - Components
NITIRAJ ENGINEER,NITIRAJ,Electronics - Components
SHIVALIK BIMETAL CONTROLS LTD.,SBCL,Electronics - Components
GENUS POWER INFRASTRUCTURES LTD.,GENUSPOWER,Electronics - Components
HIND RECTIFIERS LTD.,HIRECT,Electronics - Components
AMBER ENTERPRISES INDIA LTD,AMBER,Electronics - Components
MIRC ELECTRONICS LTD.,MIRCELECTR,Electronics - Consumer
DIXON TECHNOLOGIES (INDIA) LTD,DIXON,Electronics - Consumer
BPL LTD.,BPL,Electronics - Consumer
BEML LTD.,BEML,Engineering
MACPOWER CNC,MACPOWER,Engineering
MAZDA LTD.,MAZDA,Engineering
THE ANUP ENGINEERING LTD,ANUP,Engineering
INTERNATIONAL CONVEYORS LTD.,INTLCONV,Engineering
THEJO ENGG.,THEJO,Engineering
THERMAX,THERMAX,Engineering
MTAR TECHNOLOGIES LTD,MTARTECH,Engineering
JASH ENGINEERING,JASH,Engineering
MOLD-TEK TECHNOLOGIES LTD.,MOLDTECH,Engineering
KABRA EXTRUSIONTECHNIK LTD.,KABRAEXTRU,Engineering
BHARAT DYNAMICS LTD,BDL,Engineering
ISGEC HEAVY ENGINEERING LTD,ISGEC,Engineering
ION EXCHANGE (INDIA) LTD.,IONEXCHANG,Engineering
LATTEYS INDUSTRI,LATTEYS,Engineering
UNITED DRILLING TOOLS LTD.,UNIDT,Engineering
ICE MAKE REFRIG.,ICEMAKE,Engineering
VA TECH WABAG LTD.,WABAG,Engineering
HMT LTD.,HMT,Engineering
HLE GLASCOAT LTD,HLEGLAS,Engineering
ELECON ENGINEERING CO.LTD.,ELECON,Engineering
DE NORA INDIA LTD.,DENORA,Engineering
WINDSOR MACHINES LTD.,WINDMACHIN,Engineering
ACTION CONSTRUCTION EQUIPMENT LTD.,ACE,Engineering
AARON INDUSTRIES,AARON,Engineering
YUKEN INDIA LTD.,YUKEN,Engineering
HERCULES HOISTS LTD.,HERCULES,Engineering
EIMCO ELECON (INDIA) LTD.,EIMCOELECO,Engineering
GMM PFAUDLER LTD.,GMMPFAUDLR,Engineering
GE POWER INDIA LTD,GEPIL,Engineering - Turnkey Services
SANGHVI MOVERS LTD.,SANGHVIMOV,Engineering - Turnkey Services
ENGINEERS INDIA LTD.,ENGINERSIN,Engineering - Turnkey Services
HFCL LTD,HFCL,Engineering - Turnkey Services
RITES LTD,RITES,Engineering - Turnkey Services
TECHNO ELECTRIC & ENGINEERING COMPANY LTD,TECHNOE,Engineering - Turnkey Services
POWER MECH PROJECTS LTD,POWERMECH,Engineering - Turnkey Services
CUMMINS INDIA LTD.,CUMMINSIND,Engines
SWARAJ ENGINES LTD.,SWARAJENG,Engines
GREAVES COTTON LTD.,GREAVESCOT,Engines
DSJ KEEP LEARNING LTD,KEEPLEARN,Entertainment / Electronic Media Software
NEW DELHI TELEVISION LTD.,NDTV,Entertainment / Electronic Media Software
HINDUSTAN MEDIA VENTURES LTD.,HMVL,Entertainment / Electronic Media Software
STERLING TOOLS LTD.,STERTOOLS,Fasteners
SUNDRAM FASTENERS LTD.,SUNDRMFAST,Fasteners
GUJARAT NARMADA VALLEY FERTILIZERS & CHEMICALS LTD.,GNFC,Fertilizers
GUJARAT STATE FERTILIZERS & CHEMICALS LTD.,GSFC,Fertilizers
RAMA PHOSPHATES LTD.,RAMAPHO,Fertilizers
COROMANDEL INTERNATIONAL LTD.,COROMANDEL,Fertilizers
MB AGRO PROD.,MBAPL,Fertilizers
FERTILIZERS & CHEMICALS TRAVANCORE LTD.,FACT,Fertilizers
CHAMBAL FERTILISERS & CHEMICALS LTD.,CHAMBLFERT,Fertilizers
MADHYA BHARAT AGRO PRODUCTS LIMITED,MBAPL,Fertilizers & Agrochemicals
GFL LTD,GFLLIMITED,Finance & Investments
DELPHI WORLD MONEY LTD,DELPHIFX,Finance & Investments
SASTASUNDAR VENTURES LTD,SASTASUNDR,Finance & Investments
ADITYA BIRLA CAPITAL LTD,ABCAPITAL,Finance & Investments
Medplus Health Services Ltd,MEDPLUS,Food & Drugs Retailing
MRS. BECTORS FOOD SPECIALITIES LTD,BECTORFOOD,Food - Processing - Indian
ZYDUS WELLNESS LTD.,ZYDUSWELL,Food - Processing - Indian
ADF FOODS LTD.,ADFFOODS,Food - Processing - Indian
TASTY BITE EATABLES LTD.,TASTYBITE,Food - Processing - Indian
CHAMAN LAL SETIA EXPORTS LTD.,CLSEL,Food - Processing - Indian
HATSUN AGRO PRODUCT LTD.,HATSUN,Food - Processing - Indian
DANGEE DUMS,DANGEE,Food - Processing - Indian
UMANG DAIRIES LTD.,UMANGDAIRY,Food - Processing - Indian
PRATAAP SNACKS LTD,DIAMONDYD,Food - Processing - Indian
HERITAGE FOODS LIMITED,HERITGFOOD,Food - Processing - Indian
GODREJ AGROVET LTD,GODREJAGRO,Food - Processing - Indian
SHEETAL COOL PRODUCTS LTD,SCPL,Food - Processing - Indian
DODLA DAIRY LTD,DODLA,Food - Processing - Indian
GRM OVERSEAS LTD.,GRMOVER,Food - Processing - Indian
NAKODA GROUP OF INDUSTRIES LTD,NGIL,Food - Processing - Indian
VADILAL INDUSTRIES LTD.,VADILALIND,Food - Processing - Indian
EURO INDIA FRESH,EIFFL,Food - Processing - Indian
AVANTI FEEDS LTD.,AVANTIFEED,Food - Processing - Indian
HINDUSTAN FOODS LTD.,HNDFDS,Food - Processing - Indian
KRBL LTD.,KRBL,Food - Processing - Indian
VARUN BEVERAGES LTD,VBL,Food - Processing - Indian
BRITANNIA INDUSTRIES LTD.,BRITANNIA,Food - Processing - MNC
NESTLE INDIA LTD.,NESTLEIND,Food - Processing - MNC
JUBILANT FOODWORKS LTD,JUBLFOOD,Food - Processing - MNC
CAMPUS ACTIVEWEAR LIMITED,CAMPUS,Footwear
REDTAPE LIMITED,REDTAPE,Footwear
Metro Brands Ltd,METROBRAND,Footwear
Vinny Overseas Ltd,VINNY,Garments & Apparels
Ethos Ltd,ETHOSLTD,"Gems, Jewellery And Watches"
"Manoj Vaibhav Gems ""N"" Jewellers Ltd",MVGJL,"Gems, Jewellery And Watches"
LA OPALA RG LTD.,LAOPALA,Glass & Glass Products
BOROSIL RENEWABLES LTD,BORORENEW,Glass & Glass Products
BOROSIL LTD,BOROLTD,Glass & Glass Products
ASAHI INDIA GLASS LTD.,ASAHIINDIA,Glass & Glass Products
VIJAYA DIAGNOSTIC CENTRE LIMITED,VIJAYA,HEALTHCARE SERVICE PROVIDERS
KRSNAA DIAGNOSTICS LTD,KRSNAA,Healthcare
INDRAPRASTHA MEDICAL CORP.LTD.,INDRAMEDCO,Healthcare
KRISHNA INSTITUTE OF MEDICAL SCIENCES LTD,KIMS,Healthcare
FORTIS HEALTHCARE LTD.,FORTIS,Healthcare
DR. LAL PATHLABS LTD,LALPATHLAB,Healthcare
NARAYANA HRUDAYALAYA LTD,NH,Healthcare
POLY MEDICURE LTD.,POLYMED,Healthcare
APOLLO HOSPITALS ENTERPRISE LTD.,APOLLOHOSP,Healthcare
LOTUS EYE HOSPITAL AND INSTITUTE LTD,LOTUSEYE,Healthcare
MAX HEALTHCARE INSTITUTE LTD,MAXHEALTH,Healthcare
Zydus Lifesciences Limited,ZYDUSLIFE,Healthcare
SHALBY LTD,SHALBY,Healthcare
METROPOLIS HEALTHCARE LTD,METROPOLIS,Healthcare
HEALTHCARE GLOBAL ENTERPRISES LTD,HCG,Healthcare
THYROCARE TECHNOLOGIES LTD,THYROCARE,Healthcare
RAINBOW CHILDRENS MEDICARE LIMITED,RAINBOW,Healthcare Facilities.
Tarsons Products Ltd,TARSONS,Healthcare Supplies.
Yatharth Hospital & Trauma Care Services Ltd,YATHARTH,Hospital
Global Health Ltd,MEDANTA,Hospitals
WESTLIFE DEVELOPMENT LTD.,WESTLIFE,Hotels
BURGER KING INDIA LTD,RBA,Hotels
BARBEQUE-NATION HOSPITALITY LTD,BARBEQUE,Hotels
DEVYANI INTERNATIONAL LTD,DEVYANI,Hotels
APOLLO SINDOORI,APOLSINHOT,Hotels
Elin Electronics Ltd,ELIN,Household Appliances
Cello World Ltd,CELLO,Houseware
Latent View Analytics Ltd,LATENTVIEW,IT Consulting & Software
RateGain Travel Technologies Ltd,RATEGAIN,IT Consulting & Software
Tata Technologies Ltd,TATATECH,IT Enabled Services
VL E-GOVERNANCE & IT SOLUTIONS LIMITED,VLEGOV,IT Enabled Services
eMudhra Ltd,EMUDHRA,IT Enabled Services
Syrma SGS Technology Ltd,SYRMA,Industrial Electronics
Tega Industries Ltd,TEGA,Industrial Machinery
Kaynes Technology India Ltd,KAYNES,Industrial Products
Uniparts India Ltd,UNIPARTS,Industrial Products
Cyient DLM Ltd,CYIENTDLM,Industrial Products
FSN E-Commerce Ventures Ltd,NYKAA,Internet & Catalogue Retail
BEML LAND ASSETS LIMITED,BLAL,Investment Company
NMDC Steel Ltd,NSLNISP,Iron & Steel
Ratnaveer Precision Engineering Ltd,RATNAVEER,Iron & Steel Products
Venus Pipes & Tubes Ltd,VENUSPIPES,Iron & Steel Products
Aeroflex Industries Ltd,AEROFLEX,Iron & Steel Products
IRM ENERGY LTD,IRMENERGY,LPG/CNG/PNG/LNG Supplier
MIRZA INTERNATIONAL LTD.,MIRZAINT,Leather / Leather Products
RELAXO FOOTWEARS LTD.,RELAXO,Leather / Leather Products
BATA INDIA LTD.,BATAINDIA,Leather / Leather Products
SREELEATHERS LTD.,SREEL,Leather / Leather Products
TVS Supply Chain Solutions Ltd,TVSSCS,Logistics Solution Provider
Gandhar Oil Refinery (India) Ltd,GANDHAR,Lubricants
HMA Agro Industries Ltd,HMAAGRO,Meat Products including Poultry
GRAVITA INDIA LTD.,GRAVITA,Mining / Minerals / Metals
COAL INDIA LTD.,COALINDIA,Mining / Minerals / Metals
ORISSA MINERALS DEVELOPMENT COMPANY LTD.,ORISSAMINE,Mining / Minerals / Metals
SARTHAK METALS LTD,SMLT,Mining / Minerals / Metals
MOIL LTD.,MOIL,Mining / Minerals / Metals
HINDUSTAN COPPER LTD.,HINDCOPPER,Mining / Minerals / Metals
SHYAM CENTURY FERROUS LTD,SHYAMCENT,Mining / Minerals / Metals
TINPLATE COMPANY OF INDIA LTD.,TINPLATE,Mining / Minerals / Metals
CUBEX TUBINGS LTD.,CUBEXTUB,Mining / Minerals / Metals
INDIAN METALS & FERRO ALLOYS LTD.,IMFA,Mining / Minerals / Metals
PRECISION WIRES INDIA LTD.,PRECWIRE,Mining / Minerals / Metals
MANAKSIA LTD.,MANAKSIA,Mining / Minerals / Metals
KIOCL LTD,KIOCL,Mining / Minerals / Metals
MAITHAN ALLOYS LTD.,MAITHANALL,Mining / Minerals / Metals
SANDUR MANGANESE & IRON ORES LTD.,SANDUMA,Mining / Minerals / Metals
SOUTH WEST PINN.,SOUTHWEST,Mining / Minerals / Metals
MADHAV COPPER,MCL,Mining / Minerals / Metals
GUJARAT MINERAL DEVELOPMENT CORPORATION LTD.,GMDCLTD,Mining / Minerals / Metals
NMDC LTD.,NMDC,Mining / Minerals / Metals
PIX TRANSMISSIONS LTD.,PIXTRANS,Miscellaneous
BOMBAY SUPER HYB,BSHSL,Miscellaneous
BANKA BIOLOO,BANKA,Miscellaneous
PETRONET LNG LTD.,PETRONET,Miscellaneous
NATH BIO-GENES (INDIA) LTD,NATHBIOGEN,Miscellaneous
NAVKAR CORPORATION LTD,NAVKARCORP,Miscellaneous
POKARNA LTD.,POKARNA,Miscellaneous
PTL ENTERPRISES LTD.,PTL,Miscellaneous
ORISSA BENGAL CARRIER LTD,OBCL,Miscellaneous
GAIL (INDIA) LTD.,GAIL,Miscellaneous
PATEL INTEGRATED LOGISTICS LTD.,PATINTLOG,Miscellaneous
GATEWAY DISTRIPARKS LTD.,GATEWAY,Miscellaneous
VIMTA LABS LTD.,VIMTALABS,Miscellaneous
VENKY'S (INDIA) LTD.,VENKEYS,Miscellaneous
AJOONI BIOTECH,AJOONI,Miscellaneous
GREENPANEL INDUSTRIES LTD,GREENPANEL,Miscellaneous
DEEP ENERGY RESOURCES LTD,DEEPENR,Miscellaneous
GREENLAM INDUSTRIES LTD,GREENLAM,Miscellaneous
TRANSPORT CORPORATION OF INDIA LTD.,TCI,Miscellaneous
AARVI ENCON,AARVI,Miscellaneous
CUPID LTD.,CUPID,Miscellaneous
AFFLE (INDIA) LTD,AFFLE,Miscellaneous
CENTURY PLYBOARDS (I) LTD.,CENTURYPLY,Miscellaneous
GUJARAT GAS LTD,GUJGASLTD,Miscellaneous
SUVIDHAA INFOSERVE LTD,SUVIDHAA,Miscellaneous
VERTOZ ADVERTIS.,VERTOZ,Miscellaneous
ALLCARGO LOGISTICS LTD.,ALLCARGO,Miscellaneous
GUJARAT STATE PETRONET LTD.,GSPL,Miscellaneous
SUN PHARMA ADVANCED RESEARCH COMPANY LTD.,SPARC,Miscellaneous
CRISIL LTD.,CRISIL,Miscellaneous
DEEP INDUSTRIES LTD,DEEPINDS,Miscellaneous
TOTAL TRANSPORT,TOTAL,Miscellaneous
GUJARAT PIPAVAV PORT LTD.,GPPL,Miscellaneous
STYLAM INDUSTRIES LIMITED,STYLAMIND,Miscellaneous
TOUCHWOOD ENTER.,TOUCHWOOD,Miscellaneous
CL EDUCATE LTD,CLEDUCATE,Miscellaneous
CONTAINER CORPORATION OF INDIA LTD.,CONCOR,Miscellaneous
KDDL LTD.,KDDL,Miscellaneous
MAHANAGAR GAS LTD,MGL,Miscellaneous
MADHAV MARBLES & GRANITES LTD.,MADHAV,Miscellaneous
DHRUV CONSULTANCY SERVICES LTD,DHRUV,Miscellaneous
COMPUTER AGE MANAGEMENT SERVICES LTD,CAMS,Miscellaneous
SIS LTD,SIS,Miscellaneous
TEAMLEASE SERVICES LTD,TEAMLEASE,Miscellaneous
CONFIDENCE PETROLEUM INDIA LTD.,CONFIPET,Miscellaneous
C D S L,CDSL,Miscellaneous
APCOTEX INDUSTRIES LTD.,APCOTEXIND,Miscellaneous
MATRIMONY.COM LTD,MATRIMONY,Miscellaneous
ADANI TOTAL GAS LTD,ATGL,Miscellaneous
ACE INTEGRATED,ACEINTEG,Miscellaneous
INDIAMART INTERMESH LTD,INDIAMART,Miscellaneous
INFO EDGE (INDIA) LTD.,NAUKRI,Miscellaneous
INDIAN ENERGY EXCHANGE LTD,IEX,Miscellaneous
DRC SYSTEMS INDIA LTD,DRCSYSTEMS,Miscellaneous
JUBILANT INGREVIA LTD,JUBLINGREA,Miscellaneous
JUST DIAL LTD.,JUSTDIAL,Miscellaneous
VRL LOGISTICS LTD,VRLLOG,Miscellaneous
KAVERI SEED COMPANY LTD.,KSCL,Miscellaneous
TREE HOUSE EDUCATION & ACCESSORIES LTD.,TREEHOUSE,Miscellaneous
MAHINDRA LOGISTICS LTD,MAHLOG,Miscellaneous
COCHIN SHIPYARD LTD,COCHINSHIP,Miscellaneous
SHREEOSWAL SEEDS,OSWALSEEDS,Miscellaneous
INDRAPRASTHA GAS LTD.,IGL,Miscellaneous
GLOBAL EDUCATION,GLOBAL,Miscellaneous
V.I.P.INDUSTRIES LTD.,VIPIND,Moulded Luggage
SAFARI INDUSTRIES (INDIA) LTD.,SAFARI,Moulded Luggage
JINDAL DRILLING & INDUSTRIES LTD.,JINDRILL,Oil Drilling / Allied Services
ALPHAGEO (INDIA) LTD.,ALPHAGEO,Oil Drilling / Allied Services
AAKASH EXPLOR.,AAKASH,Oil Drilling / Allied Services
ASIAN ENERGY SERVICES LTD,ASIANENE,Oil Drilling / Allied Services
Go Fashion (India) Ltd,GOCOLORS,Other Apparels & Accessories
Avalon Technologies Ltd,AVALON,Other Electrical Equipment
Rishabh Instruments Ltd,RISHABH,Other Electrical Equipment
Harsha Engineers International Ltd,HARSHA,Other Industrial Products
Inox Green Energy Services Ltd,INOXGREEN,Other Utilities
GARWARE HI-TECH FILMS LTD,GRWRHITECH,Packaging
SHREE RAMA MULTI-TECH LTD.,SHREERAMA,Packaging
EPL LTD,EPL,Packaging
POLYPLEX CORPORATION LTD.,POLYPLEX,Packaging
HUHTAMAKI INDIA LTD,HUHTAMAKI,Packaging
Pyramid Technoplast Ltd,PYRAMID,Packaging
TPL PLASTECH LTD.,TPLPLASTEH,Packaging
EVEREST KANTO CYLINDER LTD.,EKC,Packaging
Sah Polymers Ltd,SAH,Packaging
NAHAR POLYFILMS LTD.,NAHARPOLY,Packaging
ORICON ENTERPRISES LTD.,ORICONENT,Packaging
HITECH CORPORATION LTD,HITECHCORP,Packaging
CONTROL PRINT LTD.,CONTROLPR,Packaging
Bikaji Foods International Ltd,BIKAJI,Packaging Foods
INDIGO PAINTS LTD,INDIGOPNTS,Paints / Varnishes
ASIAN PAINTS LTD.,ASIANPAINT,Paints / Varnishes
KANSAI NEROLAC PAINTS LTD.,KANSAINER,Paints / Varnishes
SHALIMAR PAINTS LTD.,SHALPAINTS,Paints / Varnishes
BERGER PAINTS INDIA LTD.,BERGEPAINT,Paints / Varnishes
AKZO NOBEL INDIA LIMITED,AKZOINDIA,Paints / Varnishes
STAR PAPER MILLS LTD.,STARPAPER,Paper
PUDUMJEE PAPER PRODUCTS LTD,PDMJEPAPER,Paper
WEST COAST PAPER MILLS LTD.,WSTCSTPAPR,Paper
SESHASAYEE PAPER & BOARDS LTD.,SESHAPAPER,Paper
CENTURY TEXTILES & INDUSTRIES LTD.,CENTURYTEX,Paper
ANDHRA PAPER LTD,ANDHRAPAP,Paper
B&B TRIPLEWALL,BBTCL,Paper
WORTH PERIPHERAL,WORTH,Paper
SHREYANS INDUSTRIES LTD.,SHREYANIND,Paper
RUCHIRA PAPERS LTD.,RUCHIRA,Paper
PAKKA LIMITED,PAKKA,Paper & Paper Products
Honasa Consumer Ltd,HONASA,Personal Care
GODREJ CONSUMER PRODUCTS LTD.,GODREJCP,Personal Care - Indian
MARICO LTD.,MARICO,Personal Care - Indian
BAJAJ CONSUMER CARE LTD,BAJAJCON,Personal Care - Indian
EMAMI LTD.,EMAMILTD,Personal Care - Indian
JHS SVENDGAARD LABORATORIES LTD.,JHS,Personal Care - Indian
JYOTHY LABS LTD,JYOTHYLAB,Personal Care - Indian
DABUR INDIA LTD.,DABUR,Personal Care - Indian
GILLETTE INDIA LTD.,GILLETTE,Personal Care - Multinational
HINDUSTAN UNILEVER LTD.,HINDUNILVR,Personal Care - Multinational
COLGATE-PALMOLIVE (INDIA) LTD.,COLPAL,Personal Care - Multinational
PROCTER & GAMBLE HYGIENE & HEALTH CARE LTD.,PGHH,Personal Care - Multinational
Dreamfolks Services Limited,DREAMFOLKS,Personal Services
Dharmaj Crop Guard Ltd,DHARMAJ,Pesticides & Agrochemicals
SHIVALIK RASAYAN LTD,SHIVALIK,Pesticides / Agrochemicals - Indian
SHARDA CROPCHEM LTD,SHARDACROP,Pesticides / Agrochemicals - Indian
INSECTICIDES (INDIA) LTD.,INSECTICID,Pesticides / Agrochemicals - Indian
PI INDUSTRIES LTD,PIIND,Pesticides / Agrochemicals - Indian
BHAGIRADHA CHEMICALS & INDUSTRIES LTD.,BHAGCHEM,Pesticides / Agrochemicals - Indian
HERANBA INDUSTRIES LTD,HERANBA,Pesticides / Agrochemicals - Indian
INDIA PESTICIDES LTD,IPL,Pesticides / Agrochemicals - Indian
DHANUKA AGRITECH LTD.,DHANUKA,Pesticides / Agrochemicals - Indian
BHARAT RASAYAN LTD.,BHARATRAS,Pesticides / Agrochemicals - Indian
SUMITOMO CHEMICAL INDIA LTD,SUMICHEM,Pesticides / Agrochemicals - Indian
ASTEC LIFESCIENCES LIMITED,ASTEC,Pesticides / Agrochemicals - Indian
RALLIS INDIA LTD.,RALLIS,Pesticides / Agrochemicals - Indian
SIKKO INDUSTRIES,SIKKO,Pesticides / Agrochemicals - Indian
BAYER CROPSCIENCE LTD.,BAYERCROP,Pesticides / Agrochemicals - Multinational
AGARWAL INDUSTRIAL CORPORATION LTD.,AGARIND,Petrochemicals
SAVITA OIL TECHNOLOGIES LTD.,SOTL,Petrochemicals
PANAMA PETROCHEM LTD.,PANAMAPET,Petrochemicals
KOTHARI PETROCHEMICALS LTD.,KOTHARIPET,Petrochemicals
BHANSALI ENGINEERING POLYMERS LTD.,BEPL,Petrochemicals
MANALI PETROCHEMICAL LTD.,MANALIPETC,Petrochemicals
Blue Jet Healthcare Ltd,BLUEJET,Pharmaceuticals
Supriya Lifescience Ltd,SUPRIYA,Pharmaceuticals
Aarti Pharmalabs Ltd1,AARTIPHARM,Pharmaceuticals
Sigachi Industries Ltd,SIGACHI,Pharmaceuticals
Ami Organics Ltd,AMIORG,Pharmaceuticals
Mankind Pharma Ltd,MANKIND,Pharmaceuticals
Medico Remedies Ltd,MEDICO,Pharmaceuticals
PAR DRUGS & CHE.,PAR,Pharmaceuticals - Indian - Bulk Drugs
NEULAND LABORATORIES LTD.,NEULANDLAB,Pharmaceuticals - Indian - Bulk Drugs
NGL FINE-CHEM LTD.,NGLFINE,Pharmaceuticals - Indian - Bulk Drugs
GRANULES INDIA LTD.,GRANULES,Pharmaceuticals - Indian - Bulk Drugs
JUBILANT PHARMOVA LTD,JUBLPHARMA,Pharmaceuticals - Indian - Bulk Drugs
AARTI DRUGS LTD.,AARTIDRUGS,Pharmaceuticals - Indian - Bulk Drugs
SMS PHARMACEUTICALS LTD.,SMSPHARMA,Pharmaceuticals - Indian - Bulk Drugs
LUPIN LTD.,LUPIN,Pharmaceuticals - Indian - Bulk Drugs
SHILPA MEDICARE LTD.,SHILPAMED,Pharmaceuticals - Indian - Bulk Drugs
DIVI'S LABORATORIES LTD.,DIVISLAB,Pharmaceuticals - Indian - Bulk Drugs
HIKAL LTD.,HIKAL,Pharmaceuticals - Indian - Bulk Drugs
GLAND PHARMA LTD,GLAND,Pharmaceuticals - Indian - Bulk Drugs
SEQUENT SCIENTIFIC LTD.,SEQUENT,Pharmaceuticals - Indian - Bulk Drugs
MARKSANS PHARMA LTD.,MARKSANS,Pharmaceuticals - Indian - Bulk Drugs
J B CHEMICALS & PHARMACEUTICALS LTD.,JBCHEPHARM,Pharmaceuticals - Indian - Bulk Drugs & Formln
ANUPAM RASAYAN INDIA LTD,ANURAS,Pharmaceuticals - Indian - Bulk Drugs & Formln
MOREPEN LABORATORIES LTD.,MOREPENLAB,Pharmaceuticals - Indian - Bulk Drugs & Formln
LASA SUPERGENERICS LTD,LASA,Pharmaceuticals - Indian - Bulk Drugs & Formln
SAKAR HEALTHCARE,SAKAR,Pharmaceuticals - Indian - Bulk Drugs & Formln
ALEMBIC PHARMACEUTICALS LTD.,APLLTD,Pharmaceuticals - Indian - Bulk Drugs & Formln
UNICHEM LABORATORIES LTD.,UNICHEMLAB,Pharmaceuticals - Indian - Bulk Drugs & Formln
CIPLA LTD.,CIPLA,Pharmaceuticals - Indian - Bulk Drugs & Formln
SYNGENE INTERNATIONAL LTD,SYNGENE,Pharmaceuticals - Indian - Bulk Drugs & Formln
ALEMBIC LTD.,ALEMBICLTD,Pharmaceuticals - Indian - Bulk Drugs & Formln
BIOCON LTD.,BIOCON,Pharmaceuticals - Indian - Bulk Drugs & Formln
RPG LIFE SCIENCES LTD.,RPGLIFE,Pharmaceuticals - Indian - Bulk Drugs & Formln
IPCA LABORATORIES LTD.,IPCALAB,Pharmaceuticals - Indian - Bulk Drugs & Formln
DR.REDDY'S LABORATORIES LTD.,DRREDDY,Pharmaceuticals - Indian - Bulk Drugs & Formln
LYKA LABS LTD.,LYKALABS,Pharmaceuticals - Indian - Bulk Drugs & Formln
SOLARA ACTIVE PHARMA SCIENCES LTD,SOLARA,Pharmaceuticals - Indian - Bulk Drugs & Formln
SUVEN PHARMACEUTICALS LTD,SUVENPHAR,Pharmaceuticals - Indian - Bulk Drugs & Formln
NATCO PHARMA LTD.,NATCOPHARM,Pharmaceuticals - Indian - Bulk Drugs & Formln
JAGSONPAL PHARMACEUTICALS LTD.,JAGSNPHARM,Pharmaceuticals - Indian - Bulk Drugs & Formln
PANACEA BIOTEC LTD.,PANACEABIO,Pharmaceuticals - Indian - Bulk Drugs & Formln
TORRENT PHARMACEUTICALS LTD.,TORNTPHARM,Pharmaceuticals - Indian - Bulk Drugs & Formln
INDOCO REMEDIES LTD.,INDOCO,Pharmaceuticals - Indian - Bulk Drugs & Formln
BROOKS LABORATORIES LTD.,BROOKS,Pharmaceuticals - Indian - Bulk Drugs & Formln
KOPRAN LTD.,KOPRAN,Pharmaceuticals - Indian - Bulk Drugs & Formln
ZOTA HEALTH CARE,ZOTA,Pharmaceuticals - Indian - Bulk Drugs & Formln
AUROBINDO PHARMA LTD.,AUROPHARMA,Pharmaceuticals - Indian - Bulk Drugs & Formln
GUFIC BIOSCIENCES LTD.,GUFICBIO,Pharmaceuticals - Indian - Bulk Drugs & Formln
FDC LTD.,FDC,Pharmaceuticals - Indian - Bulk Drugs & Formln
IOL CHEMICALS & PHARMACEUTICALS LTD.,IOLCP,Pharmaceuticals - Indian - Bulk Drugs & Formln
THEMIS MEDICARE LTD.,THEMISMED,Pharmaceuticals - Indian - Bulk Drugs & Formln
ORTIN LABORATORIES LTD,ORTINLAB,Pharmaceuticals - Indian - Bulk Drugs & Formln
GLENMARK PHARMACEUTICALS LTD.,GLENMARK,Pharmaceuticals - Indian - Bulk Drugs & Formln
GLENMARK LIFE SCIENCES LTD,GLS,Pharmaceuticals - Indian - Bulk Drugs & Formln
ALKEM LABORATORIES LTD,ALKEM,Pharmaceuticals - Indian - Bulk Drugs & Formln
MEDICAMEN BIOTECH LTD.,MEDICAMEQ,Pharmaceuticals - Indian - Formulations
HESTER BIOSCIENCES LTD.,HESTERBIO,Pharmaceuticals - Indian - Formulations
AMRUTANJAN HEALTH CARE LTD.,AMRUTANJAN,Pharmaceuticals - Indian - Formulations
WINDLAS BIOTECH LTD,WINDLAS,Pharmaceuticals - Indian - Formulations
ALPA LABORATORIES LTD.,ALPA,Pharmaceuticals - Indian - Formulations
BIOFIL CHEMICALS & PHARMACEUTICALS LTD.,BIOFILCHEM,Pharmaceuticals - Indian - Formulations
LAURUS LABS LTD,LAURUSLABS,Pharmaceuticals - Indian - Formulations
SYNCOM FORMULATIONS (INDIA) LTD.,SYNCOMF,Pharmaceuticals - Indian - Formulations
m,KILITCH,Pharmaceuticals - Indian - Formulations
ARVEE LABORAT.,ARVEE,Pharmaceuticals - Indian - Formulations
BLISS GVS PHARMA LTD.,BLISSGVS,Pharmaceuticals - Indian - Formulations
AJANTA PHARMA LTD.,AJANTPHARM,Pharmaceuticals - Indian - Formulations
LINCOLN PHARMACEUTICALS LTD.,LINCOLN,Pharmaceuticals - Indian - Formulations
CAPLIN POINT LABORATORIES LTD.,CAPLIPOINT,Pharmaceuticals - Indian - Formulations
ZIM LABORATORIES LTD,ZIMLAB,Pharmaceuticals - Indian - Formulations
BAFNA PHARMACEUTICALS LTD.,BAFNAPH,Pharmaceuticals - Indian - Formulations
VENUS REMEDIES LTD.,VENUSREM,Pharmaceuticals - Indian - Formulations
ALBERT DAVID LTD.,ALBERTDAVD,Pharmaceuticals - Indian - Formulations
ERIS LIFESCIENCES LTD,ERIS,Pharmaceuticals - Indian - Formulations
ABBOTT INDIA LTD.,ABBOTINDIA,Pharmaceuticals - Multinational
GLAXOSMITHKLINE PHARMACEUTICALS LTD.,GLAXO,Pharmaceuticals - Multinational
SANOFI INDIA LTD,SANOFI,Pharmaceuticals - Multinational
PFIZER LTD.,PFIZER,Pharmaceuticals - Multinational
ASTRAZENECA PHARMA INDIA LTD.,ASTRAZEN,Pharmaceuticals - Multinational
PROCTER & GAMBLE HEALTH LTD,PGHL,Pharmaceuticals - Multinational
UNIVERSUS PHOTO IMAGINGS LTD,UNIVPHOTO,Photographic And Allied Products
AVRO INDIA,AVROIND,Plastics Products
MOLD-TEK PACKAGING LIMITED,MOLDTKPAC,Plastics Products
VIKAS ECOTECH LTD,VIKASECO,Plastics Products
PRINCE PIPES AND FITTINGS LTD,PRINCEPIPE,Plastics Products
APOLLO PIPES LTD,APOLLOPIPE,Plastics Products
PRAKASH PIPES LTD,PPL,Plastics Products
SHAILY ENGINEERING PLASTICS LTD.,SHAILY,Plastics Products
PEARL POLYMERS LTD.,PEARLPOLY,Plastics Products
KINGFA SCIENCE & TECHNOLOGY (INDIA) LTD,KINGFA,Plastics Products
ARROW GREENTECH LTD,ARROWGREEN,Plastics Products
ASTRAL LTD,ASTRAL,Plastics Products
NILKAMAL LTD.,NILKAMAL,Plastics Products
RESPONSIVE INDUSTRIES LTD.,RESPONIND,Plastics Products
TEXMO PIPES & PRODUCTS LTD.,TEXMOPIPES,Plastics Products
FINOLEX INDUSTRIES LTD.,FINPIPE,Plastics Products
SUPREME INDUSTRIES LTD.,SUPREMEIND,Plastics Products
XPRO INDIA LTD.,XPROINDIA,Plastics Products
JAI CORP LTD.,JAICORPLTD,Plastics Products
TOKYO PLAST INTERNATIONAL LTD.,TOKYOPLAST,Plastics Products
MAYUR UNIQUOTERS LTD.,MAYURUNIQ,Plastics Products
KRITI INDUSTRIES (INDIA) LTD.,KRITI,Plastics Products
PREMIER POLYFILM LTD.,PREMIERPOL,Plastics Products
MAHINDRA EPC IRRIGATION LTD,MAHEPC,Plastics Products
JSW Infrastructure Ltd,JSWINFRA,Port & Port services
INDOWIND ENERGY LTD.,INDOWIND,Power Generation And Supply
KARMA ENERGY LTD.,KARMAENG,Power Generation And Supply
RATTANINDIA ENTERPRISES LTD,RTNINDIA,Power Generation And Supply
INDIA POWER CORP,DPSCLTD,Power Generation And Supply
S CHAND AND COMPANY LTD,SCHAND,Printing & Stationery
DJ MEDIAPRINT & LOGISTICS LTD,DJML,Printing & Stationery
REPRO INDIA LTD.,REPRO,Printing & Stationery
MPS LTD.,MPSLTD,Printing & Stationery
Linc Ltd,LINC,Printing & Stationery
KOKUYO CAMLIN LTD.,KOKUYOCMLN,Printing & Stationery
NAVNEET EDUCATION LIMITED,NAVNETEDUL,Printing & Stationery
SHAKTI PUMPS (INDIA) LTD.,SHAKTIPUMP,Pumps
KIRLOSKAR BROTHERS LTD.,KIRLOSBROS,Pumps
ROTO PUMPS LTD.,ROTO,Pumps
KSB LTD,KSB,Pumps
Titagarh Rail Systems Ltd,TITAGARH,Railway Wans
IMAGICAAWORLD ENTERTAINMENT LTD,IMAGICAA,Recreation / Amusement Parks
WONDERLA HOLIDAYS LTD,WONDERLA,Recreation / Amusement Parks
RELIANCE INDUSTRIES LTD.,RELIANCE,Refineries
RHI MAGNESITA INDIA LTD,RHIM,Refractories / Intermediates
VESUVIUS INDIA LTD.,VESUVIUS,Refractories / Intermediates
IFGL REFRACTORIES LTD,IFGLEXPOR,Refractories / Intermediates
Keystone Realtors Ltd,RUSTOMJEE,"Residential, Commercial Projects"
SignatureGlobal India Ltd,SIGNATURE,"Residential, Commercial Projects"
Sapphire Foods India Ltd,SAPPHIRE,Restaurants
Nupur Recyclers Limited,NRL,Services
Delhivery Limited,DELHIVERY,Services
SEAMEC LTD.,SEAMECLTD,Shipping
NK INDUSTRIES LTD.,NKIND,Solvent Extraction
KRITI NUTRIENTS LTD,KRITINUT,Solvent Extraction
SHREE RAM PROTI.,SRPL,Solvent Extraction
GUJARAT AMBUJA EXPORTS LTD.,GAEL,Solvent Extraction
AGRO TECH FOODS LTD.,ATFL,Solvent Extraction
MANORAMA INDUSTRIES LTD,MANORAMA,Solvent Extraction
AVT NATURAL PRODUCTS LTD.,AVTNPL,Solvent Extraction
CMS Info Systems Ltd,CMSINFO,Sp.Consumer Services
Sai Silks (Kalamandir) Ltd,KALAMANDIR,Speciality Retail
HP Adhesives Ltd,HPAL,Specialty Chemicals
Archean Chemical Industries Ltd,ACI,Specialty Chemicals
Vedant Fashions Ltd,MANYAVAR,Specialty Retail
Flair Writing Industries,FLAIR,Stationary
SURYA ROSHNI LTD.,SURYAROSNI,Steel - Large
APL APOLLO TUBES LTD.,APLAPOLLO,Steel - Large
ISMT LTD.,ISMTLTD,Steel - Medium / Small
SHYAM METALICS AND ENERGY LTD,SHYAMMETL,Steel - Medium / Small
MAN INDUSTRIES (INDIA) LTD.,MANINDS,Steel - Medium / Small
RATNAMANI METALS & TUBES LTD.,RATNAMANI,Steel - Medium / Small
MAHARASHTRA SEAMLESS LTD.,MAHSEAMLES,Steel - Medium / Small
BHARAT WIRE ROPES LTD,BHARATWIRE,Steel - Medium / Small
MANAKSIA STEELS LTD,MANAKSTEEL,Steel - Medium / Small
VARDHMAN SPECIAL STEELS LTD.,VSSL,Steel - Medium / Small
KRITIKA WIRES,KRITIKA,Steel - Medium / Small
KALYANI STEELS LTD.,KSL,Steel - Medium / Small
RAJRATAN GLOBAL WIRE LTD.,RAJRATAN,Steel - Medium / Small
GANDHI SPECIAL TUBES LTD.,GANDHITUBE,Steel - Medium / Small
GODAWARI POWER & ISPAT LTD.,GPIL,Steel - Medium / Small
D P WIRES,DPWIRES,Steel - Medium / Small
TECHNOCRAFT INDUSTRIES (INDIA) LTD.,TIIL,Steel - Medium / Small
RAMA STEEL TUBES LTD,RAMASTEEL,Steel - Medium / Small
MISHRA DHATU NIGAM LTD,MIDHANI,Steel - Medium / Small
KAMDHENU LTD,KAMDHENU,Steel - Medium / Small
AHLADA ENGINEERS,AHLADA,Steel - Medium / Small
TATA METALIKS LTD.,TATAMETALI,Steel - Pig Iron
JINDAL STEEL & POWER LTD.,JINDALSTEL,Steel - Sponge Iron
LLOYDS METALS AND ENERGY LTD.,LLOYDSME,Steel - Sponge Iron
E.I.D.-PARRY (INDIA) LTD.,EIDPARRY,Sugar
DWARIKESH SUGAR INDUSTRIES LTD.,DWARKESH,Sugar
PONNI SUGARS (ERODE) LTD.,PONNIERODE,Sugar
TATA COFFEE LTD.,TATACOFFEE,Tea
CCL PRODUCTS (INDIA) LTD.,CCL,Tea
UNITED NILGIRI,UNITEDTEA,Tea
GROB TEA CO,GROBTEA,Tea
TATA CONSUMER PRODUCTS LTD,TATACONSUM,Tea
ROSSELL INDIA LTD.,ROSSELLIND,Tea
Black Box Limited,BBOX,Technologu
MIC Electronics Limited,MICEL,Technology
KAVVERI TELECOM PRODUCTS LTD.,KAVVERITEL,Telecommunications - Equipment
DIGISPICE TECHNOLOGIES LTD,DIGISPICE,Telecommunications - Equipment
ASTRA MICROWAVE PRODUCTS LTD.,ASTRAMICRO,Telecommunications - Equipment
OLECTRA GREENTECH LTD,OLECTRA,Telecommunications - Equipment
NELCO LTD.,NELCO,Telecommunications - Equipment
TATA COMMUNICATIONS LTD.,TATACOMM,Telecommunications - Service Provider
RAILTEL CORPORATION OF INDIA LTD,RAILTEL,Telecommunications - Service Provider
UNIINFO TELECOM,UNIINFO,Telecommunications - Service Provider
Integra Essentia Ltd,ESSENTIA,Textile
INDIAN CARD CLOTHING CO.LTD.,INDIANCARD,Textile Machinery
LAKSHMI MACHINE WORKS LTD.,LAXMIMACH,Textile Machinery
LUX INDUSTRIES LTD,LUXIND,Textiles - Composite
AKSHAR SPINTEX LTD,AKSHAR,Textiles - Cotton/Blended
INDO COUNT INDUSTRIES LTD.,ICIL,Textiles - Cotton/Blended
AMBIKA COTTON MILLS LTD.,AMBIKCO,Textiles - Cotton/Blended
VARDHMAN TEXTILES LTD.,VTL,Textiles - Cotton/Blended
DCM NOUVELLE LTD,DCMNVL,Textiles - Cotton/Blended
ASHIMA LTD.,ASHIMASYN,Textiles - Cotton/Blended
CHEVIOT CO.LTD.,CHEVIOT,Textiles - Jute - Yarn / Products
SHEELA FOAM LTD,SFL,Textiles - Jute - Yarn / Products
SRF LTD.,SRF,Textiles - Manmade
VARDHMAN ACRYLIC,VARDHACRLC,Textiles - Manmade
CENTURY ENKA LTD.,CENTENKA,Textiles - Manmade
FILATEX INDIA LTD.,FILATEX,Textiles - Manmade
PASUPATI ACRYLON LTD.,PASUPTAC,Textiles - Manmade
INDO RAMA SYNTHETICS (INDIA) LTD.,INDORAMA,Textiles - Manmade
LORENZINI APPARELS LTD,LAL,Textiles - Processing
SIYARAM SILK MILLS LTD.,SIYSIL,Textiles - Processing
WEIZMANN LTD.,WEIZMANIND,Textiles - Processing
ORBIT EXPORTS LTD.,ORBTEXP,Textiles - Processing
FAZE THREE LTD.,FAZE3Q,Textiles - Processing
TRIDENT LTD.,TRIDENT,Textiles - Products
AXITA COTTON LTD,AXITA,Textiles - Products
PRITI INTERNATI.,PRITI,Textiles - Products
IRIS CLOTHINGS,IRISDOREME,Textiles - Products
ADITYA BIRLA FASHION AND RETAIL LTD,ABFRL,Textiles - Products
MALLCOM (INDIA) LTD,MALLCOM,Textiles - Products
FIBERWEB (INDIA) LTD.,FIBERWEB,Textiles - Products
CANTABIL RETAIL INDIA LTD.,CANTABIL,Textiles - Products
GARWARE TECHNICAL FIBRES LTD,GARFIBRES,Textiles - Products
LOVABLE LINGERIE LTD.,LOVABLE,Textiles - Products
LIBAS CONSUMER,LIBAS,Textiles - Products
SP APPARELS LTD,SPAL,Textiles - Products
SPL INDUSTRIES LTD.,SPLIL,Textiles - Products
MITTAL LIFE STYL,MITTAL,Textiles - Products
NANDANI CREATION,JAIPURKURT,Textiles - Products
KITEX GARMENTS LTD.,KITEX,Textiles - Products
K.P.R. MILL LIMITED,KPRMILL,Textiles - Products
PAGE INDUSTRIES LTD.,PAGEIND,Textiles - Products
DOLLAR INDUSTRIES LTD,DOLLAR,Textiles - Products
ZODIAC CLOTHING CO.LTD.,ZODIACLOTH,Textiles - Products
JINDAL WORLDWIDE LTD.,JINDWORLD,Textiles - Products
ZENITH EXPORTS LTD.,ZENITHEXPO,Textiles - Products
GOKALDAS EXPORTS LTD.,GOKEX,Textiles - Products
KEWAL KIRAN CLOTHING LTD.,KKCL,Textiles - Products
RUPA & COMPANY LTD.,RUPA,Textiles - Products
TCNS CLOTHING CO. LTD,TCNSBRANDS,Textiles - Products
SPORTKING INDIA LTD,SPORTKING,Textiles - Spinning - Synthetic / Blended
SHIVA MILLS LTD,SHIVAMILLS,Textiles - Spinning - Synthetic / Blended
SARLA PERFORMANCE FIBERS LTD.,SARLAPOLY,Textiles - Spinning - Synthetic / Blended
BALAXI PHARMA,BALAXI,Trading
HARDWYN INDIA LTD,HARDWYN,Trading
3M INDIA LTD.,3MINDIA,Trading
V-MART RETAIL LTD.,VMART,Trading
VISAGAR POLYTEX LTD.,VIVIDHA,Trading
VINYL CHEMICALS (INDIA) LTD.,VINYLINDIA,Trading
VIKAS LIFECARE LTD,VIKASLIFE,Trading
SAKUMA EXPORTS LTD.,SAKUMA,Trading
MSTC LTD,MSTCLTD,Trading
SAT INDUSTRIES LTD.,SATINDLTD,Trading
BRAND CONCEPTS,BCONCEPTS,Trading
SBC EXPORTS LTD,SBC,Trading
SHANKARA BUILDING PRODUCTS LTD,SHANKARA,Trading
SIRCA PAINTS,SIRCA,Trading
VAXTEX COTFAB,VCL,Trading
RACE ECO CHAIN LTD,RACE,Trading
CARTRADE TECH LTD,CARTRADE,Trading
RAJNANDINI METAL,RAJMET,Trading
OSIA HYPER RETA.,OSIAHYPER,Trading
OPTIEMUS INFRACOM LTD,OPTIEMUS,Trading
REDINGTON (INDIA) LTD.,REDINGTON,Trading
NURECA LTD,NURECA,Trading
AVENUE SUPERMARTS LTD,DMART,Trading
AEGIS LOGISTICS LTD.,AEGISCHEM,Trading
TRENT LTD.,TRENT,Trading
ADANI ENTERPRISES LTD.,ADANIENT,Trading
URJA GLOBAL LTD.,URJA,Trading
VAISHALI PHARMA,VAISHALI,Trading
ANIK INDUSTRIES LTD.,ANIKINDS,Trading
STANDARD INDUSTRIES LTD.,SIL,Trading
STEEL EXCHANGE INDIA LTD.,STEELXIND,Trading
TEMBO GLOBAL,TEMBO,Trading
AKG EXIM,AKG,Trading
Goyal Aluminiums Ltd,GOYALALUM,Trading & Distributors
THOMAS COOK (INDIA) LTD.,THOMASCOOK,Travel Agencies
INDIAN RAILWAY CATERING AND TOURISM CORPORATION LTD,IRCTC,Travel Agencies
BALKRISHNA INDUSTRIES LTD.,BALKRISIND,Tyres
MRF LTD.,MRF,Tyres
SUN PHARMACEUTICAL INDUSTRIES LTD.,SUNPHARMA,
